user_id,session_id,timestamp,step,action_type,reference,platform,city,device,current_filters,impressions,prices
00RL8Z82B2Z1,aff3928535f48,1541037460,1,search for poi,Newtown,AU,"Sydney, Australia",mobile,,,
00RL8Z82B2Z1,aff3928535f48,1541037522,2,interaction item image,666856,AU,"Sydney, Australia",mobile,,,
00RL8Z82B2Z1,aff3928535f48,1541037522,3,interaction item image,666856,AU,"Sydney, Australia",mobile,,,
00RL8Z82B2Z1,aff3928535f48,1541037532,4,interaction item image,666856,AU,"Sydney, Australia",mobile,,,
00RL8Z82B2Z1,aff3928535f48,1541037532,5,interaction item image,109038,AU,"Sydney, Australia",mobile,,,
00RL8Z82B2Z1,aff3928535f48,1541037532,6,interaction item image,666856,AU,"Sydney, Australia",mobile,,,
00RL8Z82B2Z1,aff3928535f48,1541037532,7,interaction item image,109038,AU,"Sydney, Australia",mobile,,,
00RL8Z82B2Z1,aff3928535f48,1541037532,8,interaction item image,666856,AU,"Sydney, Australia",mobile,,,
00RL8Z82B2Z1,aff3928535f48,1541037542,9,interaction item image,109038,AU,"Sydney, Australia",mobile,,,
00RL8Z82B2Z1,aff3928535f48,1541037542,10,interaction item image,109038,AU,"Sydney, Australia",mobile,,,
00RL8Z82B2Z1,aff3928535f48,1541037542,11,interaction item image,109038,AU,"Sydney, Australia",mobile,,,
00RL8Z82B2Z1,aff3928535f48,1541037542,12,interaction item image,109038,AU,"Sydney, Australia",mobile,,,
00RL8Z82B2Z1,aff3928535f48,1541037542,13,interaction item image,109038,AU,"Sydney, Australia",mobile,,,
00RL8Z82B2Z1,aff3928535f48,1541037543,14,clickout item,109038,AU,"Sydney, Australia",mobile,,3400638|1253714|3367857|5100540|1088584|666916|54833|2922310|9711560|109038|666856|10077318|1431482|129343|6339822|6806806|1041528|109013|3909420|55088|3095758|109018|54885|1257342|2595006,95|66|501|112|95|100|101|72|82|56|56|143|70|25|71|162|73|143|188|118|77|131|143|49|165
00RL8Z82B2Z1,aff3928535f48,1541038469,15,search for poi,Surry Hills,AU,"Sydney, Australia",mobile,,,
00RL8Z82B2Z1,aff3928535f48,1541038485,16,clickout item,1257342,AU,"Sydney, Australia",mobile,,55109|129343|54824|2297972|109014|1257342|1031578|109018|1332971|666916|54833|54885|2237222|10077318|1166793|9132132|1474297|3909420|6622154|55091|8444418|54804|2050977|666936|55088,162|25|150|143|101|49|118|131|18|100|101|143|51|143|123|36|66|188|124|138|94|137|180|112|118
02HGRBA06ODU,fa3a53156ae5c,1541030832,1,interaction item info,3377332,BR,"Ubatuba, Brazil",mobile,,,
02HGRBA06ODU,fa3a53156ae5c,1541030843,2,interaction item image,3377332,BR,"Ubatuba, Brazil",mobile,,,
02HGRBA06ODU,fa3a53156ae5c,1541030843,3,interaction item image,3377332,BR,"Ubatuba, Brazil",mobile,,,
02HGRBA06ODU,fa3a53156ae5c,1541030852,4,interaction item info,3377332,BR,"Ubatuba, Brazil",mobile,,,
02HGRBA06ODU,fa3a53156ae5c,1541030867,5,interaction item info,3066244,BR,"Ubatuba, Brazil",mobile,,,
02HGRBA06ODU,fa3a53156ae5c,1541030877,6,interaction item image,3066244,BR,"Ubatuba, Brazil",mobile,,,
02HGRBA06ODU,fa3a53156ae5c,1541030877,7,interaction item image,3066244,BR,"Ubatuba, Brazil",mobile,,,
02HGRBA06ODU,fa3a53156ae5c,1541030887,8,interaction item image,3066244,BR,"Ubatuba, Brazil",mobile,,,
02HGRBA06ODU,fa3a53156ae5c,1541030887,9,interaction item image,3066244,BR,"Ubatuba, Brazil",mobile,,,
02HGRBA06ODU,fa3a53156ae5c,1541030887,10,interaction item image,3066244,BR,"Ubatuba, Brazil",mobile,,,
02HGRBA06ODU,fa3a53156ae5c,1541030897,11,interaction item image,3066244,BR,"Ubatuba, Brazil",mobile,,,
02HGRBA06ODU,fa3a53156ae5c,1541030897,12,interaction item image,3066244,BR,"Ubatuba, Brazil",mobile,,,
02HGRBA06ODU,fa3a53156ae5c,1541030897,13,interaction item image,3066244,BR,"Ubatuba, Brazil",mobile,,,
02HGRBA06ODU,fa3a53156ae5c,1541030897,14,interaction item image,3066244,BR,"Ubatuba, Brazil",mobile,,,
02HGRBA06ODU,fa3a53156ae5c,1541030897,15,interaction item image,3066244,BR,"Ubatuba, Brazil",mobile,,,
02HGRBA06ODU,fa3a53156ae5c,1541030908,16,interaction item image,3066244,BR,"Ubatuba, Brazil",mobile,,,
02HGRBA06ODU,fa3a53156ae5c,1541030908,17,interaction item image,3066244,BR,"Ubatuba, Brazil",mobile,,,
02HGRBA06ODU,fa3a53156ae5c,1541030908,18,interaction item image,3066244,BR,"Ubatuba, Brazil",mobile,,,
02HGRBA06ODU,fa3a53156ae5c,1541030908,19,interaction item image,3066244,BR,"Ubatuba, Brazil",mobile,,,
02HGRBA06ODU,fa3a53156ae5c,1541030918,20,interaction item image,3066244,BR,"Ubatuba, Brazil",mobile,,,
02HGRBA06ODU,fa3a53156ae5c,1541030918,21,interaction item image,3066244,BR,"Ubatuba, Brazil",mobile,,,
02HGRBA06ODU,fa3a53156ae5c,1541030918,22,interaction item image,3066244,BR,"Ubatuba, Brazil",mobile,,,
02HGRBA06ODU,fa3a53156ae5c,1541030918,23,interaction item image,3066244,BR,"Ubatuba, Brazil",mobile,,,
02HGRBA06ODU,fa3a53156ae5c,1541030918,24,interaction item image,3066244,BR,"Ubatuba, Brazil",mobile,,,
02HGRBA06ODU,fa3a53156ae5c,1541030918,25,interaction item image,3066244,BR,"Ubatuba, Brazil",mobile,,,
02HGRBA06ODU,fa3a53156ae5c,1541030918,26,interaction item image,3066244,BR,"Ubatuba, Brazil",mobile,,,
02HGRBA06ODU,fa3a53156ae5c,1541030928,27,interaction item image,3066244,BR,"Ubatuba, Brazil",mobile,,,
02HGRBA06ODU,fa3a53156ae5c,1541030978,28,interaction item image,3066244,BR,"Ubatuba, Brazil",mobile,,,
02HGRBA06ODU,fa3a53156ae5c,1541031009,29,interaction item info,3066244,BR,"Ubatuba, Brazil",mobile,,,
02HGRBA06ODU,fa3a53156ae5c,1541031024,30,interaction item image,3066244,BR,"Ubatuba, Brazil",mobile,,,
02HGRBA06ODU,fa3a53156ae5c,1541031024,31,interaction item image,3066244,BR,"Ubatuba, Brazil",mobile,,,
02HGRBA06ODU,fa3a53156ae5c,1541031034,32,interaction item image,3066244,BR,"Ubatuba, Brazil",mobile,,,
02HGRBA06ODU,fa3a53156ae5c,1541031034,33,interaction item image,3066244,BR,"Ubatuba, Brazil",mobile,,,
02HGRBA06ODU,fa3a53156ae5c,1541031034,34,interaction item image,3066244,BR,"Ubatuba, Brazil",mobile,,,
02HGRBA06ODU,fa3a53156ae5c,1541031034,35,interaction item image,3066244,BR,"Ubatuba, Brazil",mobile,,,
02HGRBA06ODU,fa3a53156ae5c,1541031034,36,interaction item image,3066244,BR,"Ubatuba, Brazil",mobile,,,
02HGRBA06ODU,fa3a53156ae5c,1541031034,37,interaction item image,3066244,BR,"Ubatuba, Brazil",mobile,,,
02HGRBA06ODU,fa3a53156ae5c,1541031034,38,interaction item image,3066244,BR,"Ubatuba, Brazil",mobile,,,
02HGRBA06ODU,fa3a53156ae5c,1541031034,39,interaction item image,3066244,BR,"Ubatuba, Brazil",mobile,,,
02HGRBA06ODU,fa3a53156ae5c,1541031034,40,interaction item image,3066244,BR,"Ubatuba, Brazil",mobile,,,
02HGRBA06ODU,fa3a53156ae5c,1541031034,41,interaction item image,3066244,BR,"Ubatuba, Brazil",mobile,,,
02HGRBA06ODU,fa3a53156ae5c,1541031044,42,interaction item image,3066244,BR,"Ubatuba, Brazil",mobile,,,
02HGRBA06ODU,fa3a53156ae5c,1541031044,43,interaction item image,3066244,BR,"Ubatuba, Brazil",mobile,,,
02HGRBA06ODU,fa3a53156ae5c,1541031044,44,interaction item image,3066244,BR,"Ubatuba, Brazil",mobile,,,
02HGRBA06ODU,fa3a53156ae5c,1541031044,45,interaction item image,3066244,BR,"Ubatuba, Brazil",mobile,,,
02HGRBA06ODU,fa3a53156ae5c,1541031044,46,interaction item image,3066244,BR,"Ubatuba, Brazil",mobile,,,
02HGRBA06ODU,fa3a53156ae5c,1541031044,47,interaction item deals,3066244,BR,"Ubatuba, Brazil",mobile,,,
02HGRBA06ODU,fa3a53156ae5c,1541031064,48,interaction item image,3066244,BR,"Ubatuba, Brazil",mobile,,,
02HGRBA06ODU,fa3a53156ae5c,1541031064,49,interaction item image,3066244,BR,"Ubatuba, Brazil",mobile,,,
02HGRBA06ODU,fa3a53156ae5c,1541031088,50,interaction item image,3066244,BR,"Ubatuba, Brazil",mobile,,,
02HGRBA06ODU,fa3a53156ae5c,1541031088,51,interaction item image,3066244,BR,"Ubatuba, Brazil",mobile,,,
02HGRBA06ODU,fa3a53156ae5c,1541031088,52,interaction item image,3066244,BR,"Ubatuba, Brazil",mobile,,,
02HGRBA06ODU,fa3a53156ae5c,1541031088,53,interaction item image,3066244,BR,"Ubatuba, Brazil",mobile,,,
02HGRBA06ODU,fa3a53156ae5c,1541031088,54,interaction item image,3066244,BR,"Ubatuba, Brazil",mobile,,,
02HGRBA06ODU,fa3a53156ae5c,1541031088,55,interaction item image,3066244,BR,"Ubatuba, Brazil",mobile,,,
02HGRBA06ODU,fa3a53156ae5c,1541031098,56,interaction item image,3066244,BR,"Ubatuba, Brazil",mobile,,,
02HGRBA06ODU,fa3a53156ae5c,1541031098,57,interaction item image,3066244,BR,"Ubatuba, Brazil",mobile,,,
02HGRBA06ODU,fa3a53156ae5c,1541031108,58,interaction item image,3066244,BR,"Ubatuba, Brazil",mobile,,,
02HGRBA06ODU,fa3a53156ae5c,1541031108,59,interaction item image,3066244,BR,"Ubatuba, Brazil",mobile,,,
02HGRBA06ODU,fa3a53156ae5c,1541031108,60,interaction item image,3066244,BR,"Ubatuba, Brazil",mobile,,,
02HGRBA06ODU,fa3a53156ae5c,1541031108,61,interaction item image,3066244,BR,"Ubatuba, Brazil",mobile,,,
02HGRBA06ODU,fa3a53156ae5c,1541031108,62,interaction item image,3066244,BR,"Ubatuba, Brazil",mobile,,,
02HGRBA06ODU,fa3a53156ae5c,1541031108,63,interaction item image,3066244,BR,"Ubatuba, Brazil",mobile,,,
02HGRBA06ODU,fa3a53156ae5c,1541031108,64,interaction item image,3066244,BR,"Ubatuba, Brazil",mobile,,,
02HGRBA06ODU,fa3a53156ae5c,1541031115,65,interaction item image,3066244,BR,"Ubatuba, Brazil",mobile,,,
02SRUT1NQYH1,3599a6f709eab,1541063730,1,interaction item image,2795374,FI,"Krakow, Poland",mobile,,,
02SRUT1NQYH1,3599a6f709eab,1541063730,2,interaction item image,2795374,FI,"Krakow, Poland",mobile,,,
02SRUT1NQYH1,3599a6f709eab,1541063740,3,interaction item image,2795374,FI,"Krakow, Poland",mobile,,,
02SRUT1NQYH1,3599a6f709eab,1541063740,4,interaction item image,2795374,FI,"Krakow, Poland",mobile,,,
02SRUT1NQYH1,3599a6f709eab,1541063740,5,interaction item image,2795374,FI,"Krakow, Poland",mobile,,,
02SRUT1NQYH1,3599a6f709eab,1541063750,6,interaction item image,2795374,FI,"Krakow, Poland",mobile,,,
02SRUT1NQYH1,3599a6f709eab,1541063760,7,interaction item image,2795374,FI,"Krakow, Poland",mobile,,,
02SRUT1NQYH1,3599a6f709eab,1541063760,8,interaction item image,2795374,FI,"Krakow, Poland",mobile,,,
02SRUT1NQYH1,3599a6f709eab,1541063760,9,interaction item image,2795374,FI,"Krakow, Poland",mobile,,,
02SRUT1NQYH1,3599a6f709eab,1541063770,10,interaction item image,2795374,FI,"Krakow, Poland",mobile,,,
02SRUT1NQYH1,3599a6f709eab,1541063770,11,interaction item image,2795374,FI,"Krakow, Poland",mobile,,,
02SRUT1NQYH1,3599a6f709eab,1541063770,12,interaction item image,2795374,FI,"Krakow, Poland",mobile,,,
02SRUT1NQYH1,3599a6f709eab,1541063770,13,interaction item image,2795374,FI,"Krakow, Poland",mobile,,,
02SRUT1NQYH1,3599a6f709eab,1541063770,14,interaction item image,2795374,FI,"Krakow, Poland",mobile,,,
02SRUT1NQYH1,3599a6f709eab,1541063770,15,interaction item image,2795374,FI,"Krakow, Poland",mobile,,,
02SRUT1NQYH1,3599a6f709eab,1541063770,16,interaction item image,2795374,FI,"Krakow, Poland",mobile,,,
02SRUT1NQYH1,3599a6f709eab,1541063780,17,interaction item image,2795374,FI,"Krakow, Poland",mobile,,,
02SRUT1NQYH1,3599a6f709eab,1541063780,18,interaction item image,2795374,FI,"Krakow, Poland",mobile,,,
02SRUT1NQYH1,3599a6f709eab,1541063790,19,interaction item image,2795374,FI,"Krakow, Poland",mobile,,,
02SRUT1NQYH1,3599a6f709eab,1541063790,20,interaction item image,2795374,FI,"Krakow, Poland",mobile,,,
02SRUT1NQYH1,3599a6f709eab,1541063790,21,interaction item image,2795374,FI,"Krakow, Poland",mobile,,,
02SRUT1NQYH1,3599a6f709eab,1541063790,22,interaction item image,2795374,FI,"Krakow, Poland",mobile,,,
02SRUT1NQYH1,3599a6f709eab,1541063790,23,interaction item image,2795374,FI,"Krakow, Poland",mobile,,,
02SRUT1NQYH1,3599a6f709eab,1541063800,24,interaction item image,2795374,FI,"Krakow, Poland",mobile,,,
02SRUT1NQYH1,3599a6f709eab,1541063800,25,interaction item image,2795374,FI,"Krakow, Poland",mobile,,,
02SRUT1NQYH1,3599a6f709eab,1541063800,26,interaction item image,2795374,FI,"Krakow, Poland",mobile,,,
02SRUT1NQYH1,3599a6f709eab,1541063810,27,interaction item image,2795374,FI,"Krakow, Poland",mobile,,,
02SRUT1NQYH1,3599a6f709eab,1541063810,28,interaction item image,2795374,FI,"Krakow, Poland",mobile,,,
02SRUT1NQYH1,3599a6f709eab,1541063810,29,interaction item image,2795374,FI,"Krakow, Poland",mobile,,,
02SRUT1NQYH1,3599a6f709eab,1541063810,30,interaction item image,2795374,FI,"Krakow, Poland",mobile,,,
02SRUT1NQYH1,3599a6f709eab,1541063810,31,interaction item image,2795374,FI,"Krakow, Poland",mobile,,,
02SRUT1NQYH1,3599a6f709eab,1541063810,32,interaction item image,2795374,FI,"Krakow, Poland",mobile,,,
02SRUT1NQYH1,3599a6f709eab,1541063851,33,interaction item image,2795374,FI,"Krakow, Poland",mobile,,,
02SRUT1NQYH1,3599a6f709eab,1541063863,34,interaction item info,2795374,FI,"Krakow, Poland",mobile,,,
02SRUT1NQYH1,3599a6f709eab,1541063864,35,clickout item,2795374,FI,"Krakow, Poland",mobile,,2795374|5582964|1088390|2781070|1258068|1271962|3184892|148884|3528776|107183|5156744|107048|1907333|3370484|6003326|8436316|9025316|125181|3861490|131257|4415954|107162|3143352|6652864|8118684,64|54|36|121|76|81|92|40|73|52|98|104|56|414|67|111|21|122|55|104|56|64|40|29|44
03K8AXBL4BX2,ec139e10b9238,1541100038,1,search for destination,"London, United Kingdom",UK,"London, United Kingdom",desktop,,,
03K8AXBL4BX2,ec139e10b9238,1541100132,2,search for poi,Covent Garden,UK,"London, United Kingdom",desktop,,,
03K8AXBL4BX2,ec139e10b9238,1541100193,3,search for poi,Oxford Street,UK,"London, United Kingdom",desktop,,,
03K8AXBL4BX2,ec139e10b9238,1541100314,4,interaction item image,1032816,UK,"London, United Kingdom",desktop,,,
03K8AXBL4BX2,ec139e10b9238,1541100314,5,interaction item image,1032816,UK,"London, United Kingdom",desktop,,,
03K8AXBL4BX2,ec139e10b9238,1541100322,6,clickout item,1032816,UK,"London, United Kingdom",desktop,,12693|46363|81657|18448|47687|152913|18417|927627|4147572|819616|18380|47333|18425|1255377|4043482|1032816|18388|1216900|106471|106567|12667|84082|1152188|98737|47410,104|92|100|103|102|104|72|85|81|75|107|86|98|83|98|103|105|99|106|99|98|96|96|105|99
03K8AXBL4BX2,ec139e10b9238,1541100652,7,clickout item,1032816,UK,"London, United Kingdom",desktop,,12693|46363|81657|18448|47687|152913|18417|927627|4147572|819616|18380|47333|18425|1255377|4043482|1032816|18388|1216900|106471|106567|12667|84082|1152188|98737|47410,104|92|100|103|102|104|72|85|81|75|107|86|98|83|98|103|105|99|106|99|98|96|96|105|99
03P4VFKK12UO,325fafb5fa450,1541107285,1,search for destination,"Bakersfield, USA",US,"Bakersfield, USA",desktop,,,
03P4VFKK12UO,325fafb5fa450,1541107286,2,search for destination,"Bakersfield, USA",US,"Bakersfield, USA",desktop,,,
03P4VFKK12UO,325fafb5fa450,1541107336,3,filter selection,Very Good Rating,US,"Bakersfield, USA",desktop,Very Good Rating,,
03P4VFKK12UO,325fafb5fa450,1541107366,4,filter selection,Hostal (ES),US,"Bakersfield, USA",desktop,Very Good Rating|5 Star|4 Star|Hotel|Motel|Resort|Hostal (ES),,
03P4VFKK12UO,325fafb5fa450,1541107366,5,filter selection,Hotel,US,"Bakersfield, USA",desktop,Very Good Rating|5 Star|4 Star|Hotel|Motel|Resort|Hostal (ES),,
03P4VFKK12UO,325fafb5fa450,1541107366,6,filter selection,Motel,US,"Bakersfield, USA",desktop,Very Good Rating|5 Star|4 Star|Hotel|Motel|Resort|Hostal (ES),,
03P4VFKK12UO,325fafb5fa450,1541107366,7,filter selection,Resort,US,"Bakersfield, USA",desktop,Very Good Rating|5 Star|4 Star|Hotel|Motel|Resort|Hostal (ES),,
03P4VFKK12UO,325fafb5fa450,1541107366,8,filter selection,4 Star,US,"Bakersfield, USA",desktop,Very Good Rating|5 Star|4 Star|Hotel|Motel|Resort|Hostal (ES),,
03P4VFKK12UO,325fafb5fa450,1541107366,9,filter selection,5 Star,US,"Bakersfield, USA",desktop,Very Good Rating|5 Star|4 Star|Hotel|Motel|Resort|Hostal (ES),,
03P4VFKK12UO,325fafb5fa450,1541107368,10,filter selection,Hostal (ES),US,"Bakersfield, USA",desktop,Very Good Rating|5 Star|4 Star|Hotel|Motel|Resort|Hostal (ES)|3 Star,,
03P4VFKK12UO,325fafb5fa450,1541107368,11,filter selection,Hotel,US,"Bakersfield, USA",desktop,Very Good Rating|5 Star|4 Star|Hotel|Motel|Resort|Hostal (ES)|3 Star,,
03P4VFKK12UO,325fafb5fa450,1541107368,12,filter selection,Motel,US,"Bakersfield, USA",desktop,Very Good Rating|5 Star|4 Star|Hotel|Motel|Resort|Hostal (ES)|3 Star,,
03P4VFKK12UO,325fafb5fa450,1541107368,13,filter selection,Resort,US,"Bakersfield, USA",desktop,Very Good Rating|5 Star|4 Star|Hotel|Motel|Resort|Hostal (ES)|3 Star,,
03P4VFKK12UO,325fafb5fa450,1541107368,14,filter selection,3 Star,US,"Bakersfield, USA",desktop,Very Good Rating|5 Star|4 Star|Hotel|Motel|Resort|Hostal (ES)|3 Star,,
03P4VFKK12UO,325fafb5fa450,1541107368,15,filter selection,4 Star,US,"Bakersfield, USA",desktop,Very Good Rating|5 Star|4 Star|Hotel|Motel|Resort|Hostal (ES)|3 Star,,
03P4VFKK12UO,325fafb5fa450,1541107368,16,filter selection,5 Star,US,"Bakersfield, USA",desktop,Very Good Rating|5 Star|4 Star|Hotel|Motel|Resort|Hostal (ES)|3 Star,,
03P4VFKK12UO,325fafb5fa450,1541107435,17,interaction item image,65685,US,"Bakersfield, USA",desktop,,,
03P4VFKK12UO,325fafb5fa450,1541107435,18,interaction item image,65685,US,"Bakersfield, USA",desktop,,,
03P4VFKK12UO,325fafb5fa450,1541107457,19,interaction item image,65685,US,"Bakersfield, USA",desktop,,,
03P4VFKK12UO,325fafb5fa450,1541107457,20,interaction item image,65685,US,"Bakersfield, USA",desktop,,,
03P4VFKK12UO,325fafb5fa450,1541107467,21,interaction item image,65685,US,"Bakersfield, USA",desktop,,,
03P4VFKK12UO,325fafb5fa450,1541107467,22,interaction item image,65685,US,"Bakersfield, USA",desktop,,,
03P4VFKK12UO,325fafb5fa450,1541107467,23,interaction item image,65685,US,"Bakersfield, USA",desktop,,,
03P4VFKK12UO,325fafb5fa450,1541107467,24,interaction item image,65685,US,"Bakersfield, USA",desktop,,,
03P4VFKK12UO,325fafb5fa450,1541107467,25,interaction item image,65685,US,"Bakersfield, USA",desktop,,,
03P4VFKK12UO,325fafb5fa450,1541107467,26,interaction item image,65685,US,"Bakersfield, USA",desktop,,,
03P4VFKK12UO,325fafb5fa450,1541107467,27,interaction item image,65685,US,"Bakersfield, USA",desktop,,,
03P4VFKK12UO,325fafb5fa450,1541107467,28,interaction item image,65685,US,"Bakersfield, USA",desktop,,,
03P4VFKK12UO,325fafb5fa450,1541107467,29,interaction item image,65685,US,"Bakersfield, USA",desktop,,,
03P4VFKK12UO,325fafb5fa450,1541107477,30,interaction item image,65685,US,"Bakersfield, USA",desktop,,,
03P4VFKK12UO,325fafb5fa450,1541107477,31,interaction item image,65685,US,"Bakersfield, USA",desktop,,,
03P4VFKK12UO,325fafb5fa450,1541107477,32,interaction item image,65685,US,"Bakersfield, USA",desktop,,,
03P4VFKK12UO,325fafb5fa450,1541107477,33,interaction item image,65685,US,"Bakersfield, USA",desktop,,,
03P4VFKK12UO,325fafb5fa450,1541107487,34,interaction item image,65685,US,"Bakersfield, USA",desktop,,,
03P4VFKK12UO,325fafb5fa450,1541107487,35,interaction item image,65685,US,"Bakersfield, USA",desktop,,,
03P4VFKK12UO,325fafb5fa450,1541107487,36,interaction item image,65685,US,"Bakersfield, USA",desktop,,,
03P4VFKK12UO,325fafb5fa450,1541107487,37,interaction item image,65685,US,"Bakersfield, USA",desktop,,,
03P4VFKK12UO,325fafb5fa450,1541107487,38,interaction item image,65685,US,"Bakersfield, USA",desktop,,,
03P4VFKK12UO,325fafb5fa450,1541107487,39,interaction item image,65685,US,"Bakersfield, USA",desktop,,,
03P4VFKK12UO,325fafb5fa450,1541107487,40,interaction item image,65685,US,"Bakersfield, USA",desktop,,,
03P4VFKK12UO,325fafb5fa450,1541107487,41,interaction item image,65685,US,"Bakersfield, USA",desktop,,,
03P4VFKK12UO,325fafb5fa450,1541107487,42,interaction item image,65685,US,"Bakersfield, USA",desktop,,,
03P4VFKK12UO,325fafb5fa450,1541107487,43,interaction item image,65685,US,"Bakersfield, USA",desktop,,,
03P4VFKK12UO,325fafb5fa450,1541107487,44,interaction item image,65685,US,"Bakersfield, USA",desktop,,,
03P4VFKK12UO,325fafb5fa450,1541107497,45,interaction item image,65685,US,"Bakersfield, USA",desktop,,,
03P4VFKK12UO,325fafb5fa450,1541107497,46,interaction item image,65685,US,"Bakersfield, USA",desktop,,,
03P4VFKK12UO,325fafb5fa450,1541107497,47,interaction item image,65685,US,"Bakersfield, USA",desktop,,,
03P4VFKK12UO,325fafb5fa450,1541107497,48,interaction item image,65685,US,"Bakersfield, USA",desktop,,,
03P4VFKK12UO,325fafb5fa450,1541107497,49,interaction item image,65685,US,"Bakersfield, USA",desktop,,,
03P4VFKK12UO,325fafb5fa450,1541107497,50,interaction item image,65685,US,"Bakersfield, USA",desktop,,,
03P4VFKK12UO,325fafb5fa450,1541107497,51,interaction item image,65685,US,"Bakersfield, USA",desktop,,,
03P4VFKK12UO,325fafb5fa450,1541107497,52,interaction item image,65685,US,"Bakersfield, USA",desktop,,,
03P4VFKK12UO,325fafb5fa450,1541107497,53,interaction item image,65685,US,"Bakersfield, USA",desktop,,,
03P4VFKK12UO,325fafb5fa450,1541107500,54,clickout item,65685,US,"Bakersfield, USA",desktop,Very Good Rating|5 Star|4 Star|Hotel|Motel|Resort|Hostal (ES)|3 Star,1306936|56482|2842358|6881276|65685|63259|65399|1320460|360566|376756|885381|60769|2141484|375876|829246|58909|360571|1298518|63542|71926|376076|57803|376181|1117192|359326,178|104|110|94|57|96|46|61|48|35|50|38|59|44|57|56|55|45|146|41|44|44|39|38|126
03P4VFKK12UO,325fafb5fa450,1541107538,55,clickout item,1320460,US,"Bakersfield, USA",desktop,Very Good Rating|5 Star|4 Star|Hotel|Motel|Resort|Hostal (ES)|3 Star,1306936|56482|2842358|6881276|65685|63259|65399|1320460|360566|376756|885381|60769|2141484|375876|829246|58909|360571|1298518|63542|71926|376076|57803|376181|1117192|359326,178|104|110|94|57|96|46|61|48|35|50|38|59|44|57|56|55|45|146|41|44|44|39|38|126
0473FZ8UNXRS,bcc452f3350eb,1541062453,1,interaction item rating,749441,AU,"Seminyak, Indonesia",desktop,,,
0473FZ8UNXRS,bcc452f3350eb,1541062460,2,search for item,1258184,AU,"Legian, Indonesia",desktop,,,
0473FZ8UNXRS,bcc452f3350eb,1541062532,3,clickout item,3143258,AU,"Legian, Indonesia",desktop,,1258184|3866722|8929970|2315702|116619|1511641|111929|3223738|1288161|2870144|5788568|93911|94842|104163|159006|749441|955179|1670979|1890015|2073706|2081896|2162500|2625059|3143258|4926962,51|43|69|49|62|50|55|42|87|46|43|114|194|50|196|351|22|154|116|89|55|270|192|92|26
066TUPQWUEV5,7157899be2839,1541102679,1,clickout item,2552514,MX,"Mazamitla, Mexico",mobile,,2349076|2552514|7159866|3898458|1846017|7250252|2828571|2685752|8775800|7721912|2019273|2674824|2675278|2677206|2754104|2754106|2756126|2759902|2881712|3245044|3245301|3245316|4704368|5117712|5942776,54|39|55|51|41|94|24|38|59|24|72|314|46|40|183|51|50|129|96|118|86|125|51|50|117
066TUPQWUEV5,7157899be2839,1541102682,2,interaction item image,2552514,MX,"Mazamitla, Mexico",mobile,,,
066TUPQWUEV5,7157899be2839,1541102682,3,interaction item image,2552514,MX,"Mazamitla, Mexico",mobile,,,
06S61EKCW1JY,22b9deb2da8f7,1541075258,1,clickout item,110591,FR,"Alicante, Spain",tablet,,6721|6724|40109|147227|80983|6719|40718|1194054|624921|511646|1490687|32937|82021|81021|40872|2798980|160439|3916322|80862|110591|80907|970167|147226|40282|86878,36|45|99|48|49|50|49|56|40|63|35|95|40|78|132|48|76|62|58|43|53|126|65|42|45
06SZHKMYOOI8,4c6062d7cefe4,1541104536,1,change of sort order,interaction sort button,IT,"Bolzano, Italy",mobile,,,
06SZHKMYOOI8,4c6062d7cefe4,1541104539,2,change of sort order,price and recommended,IT,"Bolzano, Italy",mobile,,,
06SZHKMYOOI8,4c6062d7cefe4,1541104539,3,filter selection,Best Value,IT,"Bolzano, Italy",mobile,Best Value,,
06SZHKMYOOI8,4c6062d7cefe4,1541104565,4,clickout item,2557176,IT,"Bolzano, Italy",mobile,,22953|22951|22947|22949|8774118|45527|82900|22952|138929|2557176|138930|82901|108584|1685419|138928|898407|22954|82902|1240717|4970574|6471774|5433230|3219404|3768162|3186611,158|166|145|145|62|129|100|128|139|95|110|170|105|109|165|110|145|130|125|125|104|99|90|95|75
06SZHKMYOOI8,4c6062d7cefe4,1541104650,5,interaction item image,138930,IT,"Bolzano, Italy",mobile,,,
06SZHKMYOOI8,4c6062d7cefe4,1541104650,6,interaction item image,138930,IT,"Bolzano, Italy",mobile,,,
06SZHKMYOOI8,4c6062d7cefe4,1541104659,7,clickout item,138930,IT,"Bolzano, Italy",mobile,,22953|22951|22947|22949|8774118|45527|82900|22952|138929|2557176|138930|82901|108584|1685419|138928|898407|22954|82902|1240717|4970574|6471774|5433230|3219404|3768162|3186611,158|166|145|145|62|129|100|128|139|95|110|170|105|109|165|110|145|130|125|125|104|99|90|95|75
06SZHKMYOOI8,4c6062d7cefe4,1541104660,8,interaction item image,138930,IT,"Bolzano, Italy",mobile,,,
06SZHKMYOOI8,4c6062d7cefe4,1541104660,9,interaction item image,138930,IT,"Bolzano, Italy",mobile,,,
06SZHKMYOOI8,4c6062d7cefe4,1541104660,10,interaction item image,138930,IT,"Bolzano, Italy",mobile,,,
06SZHKMYOOI8,4c6062d7cefe4,1541104660,11,interaction item image,138930,IT,"Bolzano, Italy",mobile,,,
098CQXLJZ868,489f31ee6fca9,1541073724,1,clickout item,129881,AT,"St Georgen im Attergau, Austria",mobile,,129881|36161|36249|464421|302607|36401|302622|926841|302477|461661|36159|155275|300502|458386|302377|1867621|248817|1509639|2561050|291707|1557741|1997383|1557541|96347|1599007,280|169|82|138|60|270|100|204|103|37|138|100|119|90|104|149|63|144|84|84|139|78|85|90|72
09L0Y03JYTAC,91de23da01b00,1541034637,1,interaction item info,8561,US,"Las Vegas, USA",mobile,,,
09L0Y03JYTAC,91de23da01b00,1541034647,2,interaction item image,8561,US,"Las Vegas, USA",mobile,,,
09L0Y03JYTAC,91de23da01b00,1541034647,3,interaction item image,8561,US,"Las Vegas, USA",mobile,,,
09L0Y03JYTAC,91de23da01b00,1541034647,4,interaction item image,8561,US,"Las Vegas, USA",mobile,,,
09L0Y03JYTAC,91de23da01b00,1541034647,5,interaction item image,8561,US,"Las Vegas, USA",mobile,,,
09L0Y03JYTAC,91de23da01b00,1541034647,6,interaction item image,8561,US,"Las Vegas, USA",mobile,,,
09L0Y03JYTAC,91de23da01b00,1541034647,7,interaction item image,8561,US,"Las Vegas, USA",mobile,,,
09L0Y03JYTAC,91de23da01b00,1541034657,8,interaction item image,8561,US,"Las Vegas, USA",mobile,,,
09L0Y03JYTAC,91de23da01b00,1541034657,9,interaction item image,8561,US,"Las Vegas, USA",mobile,,,
09L0Y03JYTAC,91de23da01b00,1541034657,10,interaction item image,8561,US,"Las Vegas, USA",mobile,,,
09L0Y03JYTAC,91de23da01b00,1541034657,11,interaction item image,8561,US,"Las Vegas, USA",mobile,,,
09L0Y03JYTAC,91de23da01b00,1541034657,12,interaction item image,8561,US,"Las Vegas, USA",mobile,,,
09L0Y03JYTAC,91de23da01b00,1541034657,13,interaction item image,8561,US,"Las Vegas, USA",mobile,,,
09L0Y03JYTAC,91de23da01b00,1541034667,14,interaction item image,8561,US,"Las Vegas, USA",mobile,,,
09L0Y03JYTAC,91de23da01b00,1541034667,15,interaction item image,8561,US,"Las Vegas, USA",mobile,,,
09L0Y03JYTAC,91de23da01b00,1541034667,16,interaction item image,8561,US,"Las Vegas, USA",mobile,,,
09L0Y03JYTAC,91de23da01b00,1541034667,17,interaction item image,8561,US,"Las Vegas, USA",mobile,,,
09L0Y03JYTAC,91de23da01b00,1541034667,18,interaction item image,8561,US,"Las Vegas, USA",mobile,,,
09L0Y03JYTAC,91de23da01b00,1541034667,19,interaction item image,8561,US,"Las Vegas, USA",mobile,,,
09L0Y03JYTAC,91de23da01b00,1541034667,20,interaction item image,8561,US,"Las Vegas, USA",mobile,,,
09L0Y03JYTAC,91de23da01b00,1541034667,21,interaction item image,8561,US,"Las Vegas, USA",mobile,,,
09L0Y03JYTAC,91de23da01b00,1541034667,22,interaction item image,8561,US,"Las Vegas, USA",mobile,,,
09L0Y03JYTAC,91de23da01b00,1541034667,23,interaction item image,8561,US,"Las Vegas, USA",mobile,,,
09L0Y03JYTAC,91de23da01b00,1541034667,24,interaction item image,8561,US,"Las Vegas, USA",mobile,,,
09L0Y03JYTAC,91de23da01b00,1541034677,25,interaction item image,8561,US,"Las Vegas, USA",mobile,,,
09L0Y03JYTAC,91de23da01b00,1541034677,26,interaction item image,8561,US,"Las Vegas, USA",mobile,,,
09L0Y03JYTAC,91de23da01b00,1541034677,27,interaction item image,8561,US,"Las Vegas, USA",mobile,,,
09L0Y03JYTAC,91de23da01b00,1541034677,28,interaction item image,8561,US,"Las Vegas, USA",mobile,,,
09L0Y03JYTAC,91de23da01b00,1541034677,29,interaction item image,8561,US,"Las Vegas, USA",mobile,,,
09L0Y03JYTAC,91de23da01b00,1541034677,30,interaction item image,8561,US,"Las Vegas, USA",mobile,,,
09L0Y03JYTAC,91de23da01b00,1541034677,31,interaction item image,8561,US,"Las Vegas, USA",mobile,,,
09L0Y03JYTAC,91de23da01b00,1541034677,32,interaction item image,8561,US,"Las Vegas, USA",mobile,,,
09L0Y03JYTAC,91de23da01b00,1541034677,33,interaction item image,8561,US,"Las Vegas, USA",mobile,,,
09L0Y03JYTAC,91de23da01b00,1541034697,34,clickout item,8561,US,"Las Vegas, USA",mobile,,8561|8564|8568|8586|8588|102080|8613|55677|57049|58492|1238070|1810141|72426|8618|893925|129571|8602|8578|8544|8576|8599|8543|8567|8619|8582,17|37|29|35|97|23|31|62|31|82|52|170|109|97|124|31|69|29|46|177|63|62|18|47|29
0FXZGX34RQMS,dbe408c81daf3,1541040524,1,search for destination,"Panama City, Panama",US,"Panama City, Panama",tablet,,,
0FXZGX34RQMS,dbe408c81daf3,1541040537,2,interaction item image,3176346,US,"Panama City, Panama",tablet,,,
0FXZGX34RQMS,dbe408c81daf3,1541040552,3,interaction item image,3176346,US,"Panama City, Panama",tablet,,,
0FXZGX34RQMS,dbe408c81daf3,1541040582,4,interaction item image,3176346,US,"Panama City, Panama",tablet,,,
0FXZGX34RQMS,dbe408c81daf3,1541040620,5,interaction item image,3176346,US,"Panama City, Panama",tablet,,,
0FXZGX34RQMS,dbe408c81daf3,1541040623,6,clickout item,2529658,US,"Panama City, Panama",tablet,,2603858|1765201|1844107|99445|99438|2219728|99439|3135583|2396864|99446|2527426|1572733|2529658|3842282|99448|8510198|3365566|1642853|2728330|2686097|2757598|489606|3176346|1258436|2277188,268|160|300|141|187|278|168|447|123|291|126|123|266|192|140|304|224|185|116|174|106|115|146|237|233
0FZ7FKT6CB3D,698c0975e6ffe,1541093334,1,clickout item,921237,FR,"Amsterdam, Netherlands",mobile,,921237|147262|42194|9051714|42109|42125|3583264|100650|2524766|42102|147253|42198|107767|42134|82373|42313|100632|8435844|42309|42227|137704|8909410|2174748|100603|42089,117|104|82|130|204|140|147|75|104|149|69|61|104|83|72|131|43|170|98|83|146|80|81|108|359
0FZ7FKT6CB3D,698c0975e6ffe,1541093620,2,search for destination,"Centre, USA",FR,"Centre, USA",mobile,,,
0IVOT7X0FJWE,554392be66854,1541044445,1,interaction item rating,9167996,BR,"Parnaíba, Brazil",mobile,,,
0IVOT7X0FJWE,554392be66854,1541044448,2,clickout item,9167996,BR,"Parnaíba, Brazil",mobile,,2035675|4095738|4933410|9167996,225|23|58|53
0IVOT7X0FJWE,554392be66854,1541044519,3,interaction item image,9167996,BR,"Parnaíba, Brazil",mobile,,,
0IVOT7X0FJWE,554392be66854,1541044519,4,interaction item image,9167996,BR,"Parnaíba, Brazil",mobile,,,
0IVOT7X0FJWE,554392be66854,1541044529,5,interaction item image,9167996,BR,"Parnaíba, Brazil",mobile,,,
0IVOT7X0FJWE,554392be66854,1541044529,6,interaction item image,9167996,BR,"Parnaíba, Brazil",mobile,,,
0IVOT7X0FJWE,554392be66854,1541044529,7,interaction item image,9167996,BR,"Parnaíba, Brazil",mobile,,,
0IVOT7X0FJWE,554392be66854,1541044529,8,interaction item image,9167996,BR,"Parnaíba, Brazil",mobile,,,
0IVOT7X0FJWE,554392be66854,1541044539,9,interaction item image,9167996,BR,"Parnaíba, Brazil",mobile,,,
0IVOT7X0FJWE,554392be66854,1541044539,10,interaction item image,9167996,BR,"Parnaíba, Brazil",mobile,,,
0IVOT7X0FJWE,554392be66854,1541044539,11,interaction item image,9167996,BR,"Parnaíba, Brazil",mobile,,,
0IVOT7X0FJWE,554392be66854,1541044539,12,interaction item image,9167996,BR,"Parnaíba, Brazil",mobile,,,
0IVOT7X0FJWE,554392be66854,1541044539,13,interaction item image,9167996,BR,"Parnaíba, Brazil",mobile,,,
0IVOT7X0FJWE,554392be66854,1541044539,14,interaction item image,9167996,BR,"Parnaíba, Brazil",mobile,,,
0IVOT7X0FJWE,554392be66854,1541044539,15,interaction item image,9167996,BR,"Parnaíba, Brazil",mobile,,,
0IVOT7X0FJWE,554392be66854,1541044539,16,interaction item image,9167996,BR,"Parnaíba, Brazil",mobile,,,
0IVOT7X0FJWE,554392be66854,1541044539,17,interaction item image,9167996,BR,"Parnaíba, Brazil",mobile,,,
0K009FGORI30,b1eabf1f2e155,1541075782,1,search for destination,"São Paulo, Brazil",BR,"São Paulo, Brazil",desktop,,,
0K009FGORI30,b1eabf1f2e155,1541075784,2,search for destination,"São Paulo, Brazil",BR,"São Paulo, Brazil",desktop,,,
0K009FGORI30,b1eabf1f2e155,1541075804,3,change of sort order,interaction sort button,BR,"São Paulo, Brazil",desktop,,,
0K009FGORI30,b1eabf1f2e155,1541075812,4,search for item,104499,BR,"São Paulo, Brazil",desktop,,,
0K009FGORI30,b1eabf1f2e155,1541075819,5,clickout item,104499,BR,"São Paulo, Brazil",desktop,,104499|104710|104724|164677|960133|5816566|8740576|104938|1891457|104671|2454130|4343598|104771|397631|104986|479201|1501449|478216|104667|2627267|104599|522036|104770|104576|1689669,82|65|246|126|75|1004|35|75|64|175|43|80|159|79|466|98|71|86|80|83|78|48|56|71|41
0K009FGORI30,b1eabf1f2e155,1541076076,6,clickout item,104499,BR,"São Paulo, Brazil",desktop,,104499|104710|104724|164677|960133|5816566|8740576|104938|1891457|104671|2454130|4343598|104771|397631|104986|479201|1501449|478216|104667|2627267|104599|522036|104770|104576|1689669,82|65|246|126|75|1004|35|75|64|175|43|80|159|79|466|98|71|86|80|83|78|48|56|71|41
0KCQVHPEIWT0,e665b2c1e8040,1541094652,1,interaction item image,4138580,BR,"Curitiba, Brazil",mobile,,,
0KCQVHPEIWT0,e665b2c1e8040,1541094652,2,interaction item image,4138580,BR,"Curitiba, Brazil",mobile,,,
0KCQVHPEIWT0,e665b2c1e8040,1541094660,3,clickout item,4138580,BR,"Curitiba, Brazil",mobile,,9172186|6816668|4497388|1827505|2066390|2729196|106415|3241854|478026|4138580|1948335|478911|1911027|478731|477866|2078560|2849878|2717643|6299940|991495|3193788|2078488|479041|655676|2003215,11|26|24|20|20|22|19|10|22|26|18|24|24|28|25|15|15|16|40|23|22|20|21|35|43
0KCQVHPEIWT0,e665b2c1e8040,1541094730,4,interaction item info,4138580,BR,"Curitiba, Brazil",mobile,,,
0KCQVHPEIWT0,e665b2c1e8040,1541094740,5,interaction item rating,4138580,BR,"Curitiba, Brazil",mobile,,,
0KCQVHPEIWT0,e665b2c1e8040,1541094750,6,interaction item info,4138580,BR,"Curitiba, Brazil",mobile,,,
0KCQVHPEIWT0,e665b2c1e8040,1541094760,7,interaction item image,4138580,BR,"Curitiba, Brazil",mobile,,,
0KCQVHPEIWT0,e665b2c1e8040,1541094760,8,interaction item image,4138580,BR,"Curitiba, Brazil",mobile,,,
0KCQVHPEIWT0,e665b2c1e8040,1541094773,9,interaction item image,4138580,BR,"Curitiba, Brazil",mobile,,,
0KCQVHPEIWT0,e665b2c1e8040,1541094773,10,interaction item image,4138580,BR,"Curitiba, Brazil",mobile,,,
0KCQVHPEIWT0,e665b2c1e8040,1541094789,11,interaction item image,478026,BR,"Curitiba, Brazil",mobile,,,
0KCQVHPEIWT0,e665b2c1e8040,1541094789,12,interaction item image,478026,BR,"Curitiba, Brazil",mobile,,,
0KCQVHPEIWT0,e665b2c1e8040,1541094803,13,interaction item info,478026,BR,"Curitiba, Brazil",mobile,,,
0KCQVHPEIWT0,e665b2c1e8040,1541094823,14,interaction item image,4138580,BR,"Curitiba, Brazil",mobile,,,
0KCQVHPEIWT0,e665b2c1e8040,1541094824,15,filter selection,Free WiFi (Combined),BR,"Curitiba, Brazil",mobile,Free WiFi (Combined),,
0KCQVHPEIWT0,e665b2c1e8040,1541094833,16,interaction item image,4138580,BR,"Curitiba, Brazil",mobile,,,
0L2TX0JNYVQ6,06e7c29170946,1541041830,1,search for poi,Seoul Station,HK,"Seoul, South Korea",desktop,,,
0L2TX0JNYVQ6,06e7c29170946,1541041870,2,clickout item,10091602,HK,"Seoul, South Korea",desktop,,2802232|2733571|5477718|155374|155465|3549258|10091602|6508748|844336|4638538|3501450|390361|3501452|363046|2555968|5197174|4773608|3171165|3954788|6833196|5645106|475256|1627467|4871108|9033886,124|176|99|220|191|127|85|54|83|268|78|144|96|78|77|154|135|85|74|115|152|131|83|108|79
0L2TX0JNYVQ6,06e7c29170946,1541041882,3,interaction item deals,10091602,HK,"Seoul, South Korea",desktop,,,
0L2TX0JNYVQ6,06e7c29170946,1541044143,4,search for poi,Myeongdong,HK,"Seoul, South Korea",desktop,,,
0L2TX0JNYVQ6,06e7c29170946,1541044151,5,clickout item,10091602,HK,"Seoul, South Korea",desktop,,3549258|155465|155374|363046|3954788|4773608|3501452|10091602|2733571|5477718|6800422|2855981|3499270|3825178|6625240|6893402|5645106|1627467|4638538|9386776|3171165|4871108|2727688|6523164|2267026,135|189|219|78|74|135|95|85|176|99|108|83|87|30|87|101|143|83|268|122|85|108|102|86|30
0L2TX0JNYVQ6,06e7c29170946,1541044255,6,search for poi,Myeongdong,HK,"Seoul, South Korea",desktop,,,
0L2TX0JNYVQ6,06e7c29170946,1541044256,7,search for poi,Dongdaemun Market,HK,"Seoul, South Korea",desktop,,,
0L2TX0JNYVQ6,06e7c29170946,1541044294,8,clickout item,1394008,HK,"Seoul, South Korea",desktop,,2736998|9386776|7016734|2867638|797516|5677278|3954788|475131|385916|5702366|2855981|1891895|363046|6625240|3549258|3126684|1394008|6893402|363061|155989|6800422|4773608|3499270|155465|3145303,249|122|110|81|81|42|74|109|62|91|83|104|78|87|135|67|59|101|223|110|108|135|87|189|72
0L2TX0JNYVQ6,06e7c29170946,1541044324,9,clickout item,1394008,HK,"Seoul, South Korea",desktop,,2736998|9386776|7016734|2867638|797516|5677278|3954788|475131|385916|5702366|2855981|1891895|363046|6625240|3549258|3126684|1394008|6893402|363061|155989|6800422|4773608|3499270|155465|3145303,249|122|110|81|81|42|74|109|62|91|83|104|78|87|135|67|59|101|223|110|108|135|87|189|72
0L2TX0JNYVQ6,06e7c29170946,1541044344,10,clickout item,5109850,HK,"Seoul, South Korea",desktop,,5109850|3505382|377811|155374|4849224|3501452|10091602|3367204|8143802|2733571|5477718|3136052|2267026|4638538|4454362|3825178|2727688|3899082|2738638|1627467|3171165|475206|3181886|475256|5645106,59|52|66|219|104|95|85|69|125|176|99|83|30|268|94|30|102|16|129|83|85|100|61|139|143
0L2TX0JNYVQ6,06e7c29170946,1541044430,11,search for item,475256,HK,"Seoul, South Korea",desktop,,,
0L2TX0JNYVQ6,06e7c29170946,1541044437,12,interaction item deals,475256,HK,"Seoul, South Korea",desktop,,,
0L2TX0JNYVQ6,06e7c29170946,1541044489,13,clickout item,10091602,HK,"Seoul, South Korea",desktop,,5109850|3505382|377811|155374|4849224|3501452|10091602|3367204|8143802|2733571|5477718|3136052|2267026|4638538|4454362|3825178|2727688|3899082|2738638|1627467|3171165|475206|3181886|475256|5645106,59|52|66|219|104|95|85|69|125|176|99|83|30|268|94|30|102|16|129|83|85|100|61|139|143
0L2TX0JNYVQ6,06e7c29170946,1541044551,14,search for item,10091602,HK,"Seoul, South Korea",desktop,,,
0L2TX0JNYVQ6,06e7c29170946,1541044555,15,interaction item deals,10091602,HK,"Seoul, South Korea",desktop,,,
0L2TX0JNYVQ6,06e7c29170946,1541044591,16,clickout item,6893402,HK,"Seoul, South Korea",desktop,,10091602|6625240|9386776|3954788|9776792|2802232|6893402|2855981|3501452|155374|155465|156621|363046|475101|1824477|2733571|2736998|3549258|4638538|5477718|8403088|8444298|7016734|1176048|4773608,85|87|122|74|79|123|101|83|95|219|189|254|78|93|112|176|249|135|268|99|190|145|110|93|135
0LEN9Z40SUSJ,ae1026cd27f7e,1541103373,1,interaction item image,46893,UK,"Solihull, United Kingdom",desktop,,,
0LEN9Z40SUSJ,ae1026cd27f7e,1541103373,2,interaction item image,46893,UK,"Solihull, United Kingdom",desktop,,,
0LEN9Z40SUSJ,ae1026cd27f7e,1541103482,3,clickout item,3191226,UK,"Solihull, United Kingdom",desktop,,47767|959737|3191226|1362528|1950827|1504481|2303554|1838303|1504415|2282346|3187638|7854780,104|57|79|91|76|80|68|63|91|63|65|86
0LPWXP7ZIW88,3737c2c0740b5,1541076394,1,clickout item,9387652,MX,"Veracruz Llave, Mexico",mobile,,43007|42365|42884|349051|489031|488961|1028438|3754668|1028442|9457620|1196746|3872766|42964|2038963|4018094|9603148|897983|9387652|2571851|2007837|4626178|349026|4174618|6869184|4012024,113|144|82|47|49|98|50|16|72|26|35|44|97|23|21|46|53|26|28|42|39|54|33|34|16
0LPWXP7ZIW88,3737c2c0740b5,1541077874,2,interaction item image,2564964,MX,"Veracruz Llave, Mexico",mobile,,,
0LPWXP7ZIW88,3737c2c0740b5,1541077874,3,interaction item image,2564964,MX,"Veracruz Llave, Mexico",mobile,,,
0LPWXP7ZIW88,3737c2c0740b5,1541077876,4,clickout item,2564964,MX,"Veracruz Llave, Mexico",mobile,,42365|42407|42884|42964|43007|349026|349051|489031|489171|897983|1141358|1972393|2007837|2030759|2038963|2123168|2561280|2564964|2571851|2636158|2896408|3429300|3478178|3484132|3872766,141|69|82|107|122|54|53|60|39|58|60|39|42|67|31|31|58|15|28|24|22|50|20|35|51
0LPWXP7ZIW88,3737c2c0740b5,1541078013,5,interaction item image,2896408,MX,"Veracruz Llave, Mexico",mobile,,,
0LPWXP7ZIW88,3737c2c0740b5,1541078013,6,interaction item image,2896408,MX,"Veracruz Llave, Mexico",mobile,,,
0LPWXP7ZIW88,3737c2c0740b5,1541078014,7,clickout item,2896408,MX,"Veracruz Llave, Mexico",mobile,,42365|42407|42884|42964|43007|349026|349051|489031|489171|897983|1141358|1972393|2007837|2030759|2038963|2123168|2561280|2564964|2571851|2636158|2896408|3429300|3478178|3484132|3872766,141|69|82|107|122|54|53|60|39|58|60|39|42|67|31|31|58|15|28|24|22|50|20|35|51
0LPWXP7ZIW88,3737c2c0740b5,1541078119,8,interaction item image,3484132,MX,"Veracruz Llave, Mexico",mobile,,,
0LPWXP7ZIW88,3737c2c0740b5,1541078119,9,interaction item image,3484132,MX,"Veracruz Llave, Mexico",mobile,,,
0LPWXP7ZIW88,3737c2c0740b5,1541078120,10,clickout item,3484132,MX,"Veracruz Llave, Mexico",mobile,,42365|42407|42884|42964|43007|349026|349051|489031|489171|897983|1141358|1972393|2007837|2030759|2038963|2123168|2561280|2564964|2571851|2636158|2896408|3429300|3478178|3484132|3872766,141|69|82|107|122|54|53|60|39|58|60|39|42|67|31|31|58|15|28|24|22|50|20|35|51
0LPWXP7ZIW88,3737c2c0740b5,1541078144,11,interaction item image,3484132,MX,"Veracruz Llave, Mexico",mobile,,,
0LPWXP7ZIW88,3737c2c0740b5,1541078144,12,interaction item image,3484132,MX,"Veracruz Llave, Mexico",mobile,,,
0LPWXP7ZIW88,3737c2c0740b5,1541078144,13,interaction item image,3484132,MX,"Veracruz Llave, Mexico",mobile,,,
0LPWXP7ZIW88,3737c2c0740b5,1541078144,14,interaction item image,3484132,MX,"Veracruz Llave, Mexico",mobile,,,
0LPWXP7ZIW88,3737c2c0740b5,1541078144,15,interaction item image,3484132,MX,"Veracruz Llave, Mexico",mobile,,,
0LPWXP7ZIW88,3737c2c0740b5,1541078144,16,interaction item image,3484132,MX,"Veracruz Llave, Mexico",mobile,,,
0LPWXP7ZIW88,3737c2c0740b5,1541078154,17,interaction item image,3484132,MX,"Veracruz Llave, Mexico",mobile,,,
0LPWXP7ZIW88,3737c2c0740b5,1541078154,18,interaction item image,3484132,MX,"Veracruz Llave, Mexico",mobile,,,
0LPWXP7ZIW88,3737c2c0740b5,1541078154,19,interaction item image,3484132,MX,"Veracruz Llave, Mexico",mobile,,,
0LPWXP7ZIW88,3737c2c0740b5,1541078154,20,interaction item image,3484132,MX,"Veracruz Llave, Mexico",mobile,,,
0LPWXP7ZIW88,3737c2c0740b5,1541078154,21,interaction item image,3484132,MX,"Veracruz Llave, Mexico",mobile,,,
0LPWXP7ZIW88,3737c2c0740b5,1541078154,22,interaction item image,3484132,MX,"Veracruz Llave, Mexico",mobile,,,
0LPWXP7ZIW88,3737c2c0740b5,1541078154,23,interaction item image,3484132,MX,"Veracruz Llave, Mexico",mobile,,,
0LPWXP7ZIW88,3737c2c0740b5,1541078154,24,interaction item image,3484132,MX,"Veracruz Llave, Mexico",mobile,,,
0LPWXP7ZIW88,3737c2c0740b5,1541078154,25,interaction item image,3484132,MX,"Veracruz Llave, Mexico",mobile,,,
0LPWXP7ZIW88,3737c2c0740b5,1541078154,26,interaction item image,3484132,MX,"Veracruz Llave, Mexico",mobile,,,
0LPWXP7ZIW88,3737c2c0740b5,1541078154,27,interaction item image,3484132,MX,"Veracruz Llave, Mexico",mobile,,,
0LPWXP7ZIW88,3737c2c0740b5,1541078160,28,interaction item image,3484132,MX,"Veracruz Llave, Mexico",mobile,,,
0LPWXP7ZIW88,3737c2c0740b5,1541078160,29,interaction item image,3484132,MX,"Veracruz Llave, Mexico",mobile,,,
0LPWXP7ZIW88,3737c2c0740b5,1541078160,30,interaction item image,3484132,MX,"Veracruz Llave, Mexico",mobile,,,
0LPWXP7ZIW88,3737c2c0740b5,1541078160,31,interaction item image,3484132,MX,"Veracruz Llave, Mexico",mobile,,,
0LPWXP7ZIW88,3737c2c0740b5,1541078293,32,clickout item,6696574,MX,"Veracruz Llave, Mexico",mobile,,43007|42884|932627|3496252|488961|42365|43100|349051|741136|897983|127738|42964|8766024|2631244|1314827|2319440|2569442|9309368|373811|6696574|1815905|1772827|3484132|43141|1028442,106|82|88|93|92|149|81|48|84|62|53|97|116|90|81|73|50|54|34|28|240|53|35|173|72
0MQZRPGN1GOS,f7288a790f472,1541046190,1,search for poi,Ocean Park,HK,"Hong Kong, Hong Kong",desktop,,,
0MQZRPGN1GOS,f7288a790f472,1541046258,2,interaction item image,2395594,HK,"Hong Kong, Hong Kong",desktop,,,
0MQZRPGN1GOS,f7288a790f472,1541046258,3,interaction item image,2395594,HK,"Hong Kong, Hong Kong",desktop,,,
0MQZRPGN1GOS,f7288a790f472,1541046268,4,interaction item image,2395594,HK,"Hong Kong, Hong Kong",desktop,,,
0MQZRPGN1GOS,f7288a790f472,1541046268,5,interaction item image,2395594,HK,"Hong Kong, Hong Kong",desktop,,,
0MQZRPGN1GOS,f7288a790f472,1541046268,6,interaction item image,2395594,HK,"Hong Kong, Hong Kong",desktop,,,
0MQZRPGN1GOS,f7288a790f472,1541046268,7,interaction item image,2395594,HK,"Hong Kong, Hong Kong",desktop,,,
0MQZRPGN1GOS,f7288a790f472,1541046268,8,interaction item image,2395594,HK,"Hong Kong, Hong Kong",desktop,,,
0MQZRPGN1GOS,f7288a790f472,1541046268,9,interaction item image,2395594,HK,"Hong Kong, Hong Kong",desktop,,,
0MQZRPGN1GOS,f7288a790f472,1541046278,10,interaction item image,2395594,HK,"Hong Kong, Hong Kong",desktop,,,
0MQZRPGN1GOS,f7288a790f472,1541046278,11,interaction item image,2395594,HK,"Hong Kong, Hong Kong",desktop,,,
0MQZRPGN1GOS,f7288a790f472,1541046278,12,interaction item image,2395594,HK,"Hong Kong, Hong Kong",desktop,,,
0MQZRPGN1GOS,f7288a790f472,1541046278,13,interaction item image,2395594,HK,"Hong Kong, Hong Kong",desktop,,,
0MQZRPGN1GOS,f7288a790f472,1541046288,14,interaction item image,2395594,HK,"Hong Kong, Hong Kong",desktop,,,
0MQZRPGN1GOS,f7288a790f472,1541046288,15,interaction item image,2395594,HK,"Hong Kong, Hong Kong",desktop,,,
0MQZRPGN1GOS,f7288a790f472,1541046288,16,interaction item image,2395594,HK,"Hong Kong, Hong Kong",desktop,,,
0MQZRPGN1GOS,f7288a790f472,1541046288,17,interaction item image,2395594,HK,"Hong Kong, Hong Kong",desktop,,,
0MQZRPGN1GOS,f7288a790f472,1541046288,18,interaction item image,2395594,HK,"Hong Kong, Hong Kong",desktop,,,
0MQZRPGN1GOS,f7288a790f472,1541046288,19,interaction item image,2395594,HK,"Hong Kong, Hong Kong",desktop,,,
0MQZRPGN1GOS,f7288a790f472,1541046288,20,interaction item image,2395594,HK,"Hong Kong, Hong Kong",desktop,,,
0MQZRPGN1GOS,f7288a790f472,1541046298,21,interaction item image,2395594,HK,"Hong Kong, Hong Kong",desktop,,,
0MQZRPGN1GOS,f7288a790f472,1541046298,22,interaction item image,2395594,HK,"Hong Kong, Hong Kong",desktop,,,
0MQZRPGN1GOS,f7288a790f472,1541046298,23,interaction item image,2395594,HK,"Hong Kong, Hong Kong",desktop,,,
0MQZRPGN1GOS,f7288a790f472,1541046298,24,interaction item image,2395594,HK,"Hong Kong, Hong Kong",desktop,,,
0MQZRPGN1GOS,f7288a790f472,1541046298,25,interaction item image,2395594,HK,"Hong Kong, Hong Kong",desktop,,,
0MQZRPGN1GOS,f7288a790f472,1541046298,26,interaction item info,2395594,HK,"Hong Kong, Hong Kong",desktop,,,
0NA8E4AD2VY7,336d9a46b826f,1541078037,1,filter selection,Free WiFi (Combined),RU,"Yekaterinburg, Russia",desktop,Free WiFi (Combined),,
0NA8E4AD2VY7,336d9a46b826f,1541078048,2,filter selection,Breakfast Included,RU,"Yekaterinburg, Russia",desktop,Free WiFi (Combined)|Breakfast Included,,
0NA8E4AD2VY7,336d9a46b826f,1541078081,3,interaction item image,1045290,RU,"Yekaterinburg, Russia",desktop,,,
0NA8E4AD2VY7,336d9a46b826f,1541078081,4,interaction item image,1045290,RU,"Yekaterinburg, Russia",desktop,,,
0NA8E4AD2VY7,336d9a46b826f,1541078091,5,interaction item image,1045290,RU,"Yekaterinburg, Russia",desktop,,,
0NA8E4AD2VY7,336d9a46b826f,1541078091,6,interaction item image,1045290,RU,"Yekaterinburg, Russia",desktop,,,
0NA8E4AD2VY7,336d9a46b826f,1541078091,7,interaction item image,1045290,RU,"Yekaterinburg, Russia",desktop,,,
0NA8E4AD2VY7,336d9a46b826f,1541078091,8,interaction item image,1045290,RU,"Yekaterinburg, Russia",desktop,,,
0NA8E4AD2VY7,336d9a46b826f,1541078166,9,interaction item image,1045290,RU,"Yekaterinburg, Russia",desktop,,,
0NA8E4AD2VY7,336d9a46b826f,1541078166,10,interaction item image,1045290,RU,"Yekaterinburg, Russia",desktop,,,
0NA8E4AD2VY7,336d9a46b826f,1541078166,11,interaction item image,1045290,RU,"Yekaterinburg, Russia",desktop,,,
0NA8E4AD2VY7,336d9a46b826f,1541078176,12,interaction item image,1045290,RU,"Yekaterinburg, Russia",desktop,,,
0NA8E4AD2VY7,336d9a46b826f,1541078176,13,interaction item image,1045290,RU,"Yekaterinburg, Russia",desktop,,,
0NA8E4AD2VY7,336d9a46b826f,1541078176,14,interaction item image,1045290,RU,"Yekaterinburg, Russia",desktop,,,
0NA8E4AD2VY7,336d9a46b826f,1541078176,15,interaction item image,1045290,RU,"Yekaterinburg, Russia",desktop,,,
0NA8E4AD2VY7,336d9a46b826f,1541078176,16,interaction item image,1045290,RU,"Yekaterinburg, Russia",desktop,,,
0NA8E4AD2VY7,336d9a46b826f,1541078176,17,interaction item image,1045290,RU,"Yekaterinburg, Russia",desktop,,,
0NA8E4AD2VY7,336d9a46b826f,1541078176,18,interaction item image,1045290,RU,"Yekaterinburg, Russia",desktop,,,
0NA8E4AD2VY7,336d9a46b826f,1541078176,19,interaction item image,1045290,RU,"Yekaterinburg, Russia",desktop,,,
0NA8E4AD2VY7,336d9a46b826f,1541078176,20,interaction item image,1045290,RU,"Yekaterinburg, Russia",desktop,,,
0NA8E4AD2VY7,336d9a46b826f,1541078176,21,interaction item image,1045290,RU,"Yekaterinburg, Russia",desktop,,,
0NA8E4AD2VY7,336d9a46b826f,1541078176,22,interaction item image,1045290,RU,"Yekaterinburg, Russia",desktop,,,
0NA8E4AD2VY7,336d9a46b826f,1541078186,23,interaction item image,1045290,RU,"Yekaterinburg, Russia",desktop,,,
0NA8E4AD2VY7,336d9a46b826f,1541078186,24,interaction item image,1045290,RU,"Yekaterinburg, Russia",desktop,,,
0NA8E4AD2VY7,336d9a46b826f,1541078186,25,interaction item image,1045290,RU,"Yekaterinburg, Russia",desktop,,,
0NA8E4AD2VY7,336d9a46b826f,1541078186,26,interaction item image,1045290,RU,"Yekaterinburg, Russia",desktop,,,
0NA8E4AD2VY7,336d9a46b826f,1541078196,27,interaction item image,1045290,RU,"Yekaterinburg, Russia",desktop,,,
0NA8E4AD2VY7,336d9a46b826f,1541078196,28,interaction item image,1045290,RU,"Yekaterinburg, Russia",desktop,,,
0NA8E4AD2VY7,336d9a46b826f,1541078196,29,interaction item image,1045290,RU,"Yekaterinburg, Russia",desktop,,,
0NA8E4AD2VY7,336d9a46b826f,1541078196,30,interaction item image,1045290,RU,"Yekaterinburg, Russia",desktop,,,
0NA8E4AD2VY7,336d9a46b826f,1541078206,31,interaction item image,1045290,RU,"Yekaterinburg, Russia",desktop,,,
0NA8E4AD2VY7,336d9a46b826f,1541078206,32,interaction item image,1045290,RU,"Yekaterinburg, Russia",desktop,,,
0NA8E4AD2VY7,336d9a46b826f,1541078222,33,interaction item image,1045290,RU,"Yekaterinburg, Russia",desktop,,,
0NA8E4AD2VY7,336d9a46b826f,1541078222,34,interaction item image,1045290,RU,"Yekaterinburg, Russia",desktop,,,
0NA8E4AD2VY7,336d9a46b826f,1541078222,35,interaction item image,1045290,RU,"Yekaterinburg, Russia",desktop,,,
0NA8E4AD2VY7,336d9a46b826f,1541078232,36,interaction item image,1045290,RU,"Yekaterinburg, Russia",desktop,,,
0NA8E4AD2VY7,336d9a46b826f,1541078232,37,interaction item image,1045290,RU,"Yekaterinburg, Russia",desktop,,,
0NA8E4AD2VY7,336d9a46b826f,1541078232,38,interaction item image,1045290,RU,"Yekaterinburg, Russia",desktop,,,
0NA8E4AD2VY7,336d9a46b826f,1541078242,39,interaction item rating,1045290,RU,"Yekaterinburg, Russia",desktop,,,
0NA8E4AD2VY7,336d9a46b826f,1541078336,40,interaction item image,320366,RU,"Yekaterinburg, Russia",desktop,,,
0NA8E4AD2VY7,336d9a46b826f,1541078336,41,interaction item image,320366,RU,"Yekaterinburg, Russia",desktop,,,
0NA8E4AD2VY7,336d9a46b826f,1541078346,42,interaction item image,320366,RU,"Yekaterinburg, Russia",desktop,,,
0NA8E4AD2VY7,336d9a46b826f,1541078346,43,interaction item image,320366,RU,"Yekaterinburg, Russia",desktop,,,
0NA8E4AD2VY7,336d9a46b826f,1541078346,44,interaction item image,320366,RU,"Yekaterinburg, Russia",desktop,,,
0NA8E4AD2VY7,336d9a46b826f,1541078346,45,interaction item image,320366,RU,"Yekaterinburg, Russia",desktop,,,
0NA8E4AD2VY7,336d9a46b826f,1541078346,46,interaction item image,320366,RU,"Yekaterinburg, Russia",desktop,,,
0NA8E4AD2VY7,336d9a46b826f,1541078346,47,interaction item image,320366,RU,"Yekaterinburg, Russia",desktop,,,
0NA8E4AD2VY7,336d9a46b826f,1541078346,48,interaction item image,320366,RU,"Yekaterinburg, Russia",desktop,,,
0NA8E4AD2VY7,336d9a46b826f,1541078346,49,interaction item image,320366,RU,"Yekaterinburg, Russia",desktop,,,
0NA8E4AD2VY7,336d9a46b826f,1541078346,50,interaction item image,320366,RU,"Yekaterinburg, Russia",desktop,,,
0NA8E4AD2VY7,336d9a46b826f,1541078346,51,interaction item image,320366,RU,"Yekaterinburg, Russia",desktop,,,
0NA8E4AD2VY7,336d9a46b826f,1541078356,52,interaction item image,320366,RU,"Yekaterinburg, Russia",desktop,,,
0NA8E4AD2VY7,336d9a46b826f,1541078356,53,interaction item image,320366,RU,"Yekaterinburg, Russia",desktop,,,
0NA8E4AD2VY7,336d9a46b826f,1541078356,54,interaction item image,320366,RU,"Yekaterinburg, Russia",desktop,,,
0NA8E4AD2VY7,336d9a46b826f,1541078356,55,interaction item image,320366,RU,"Yekaterinburg, Russia",desktop,,,
0NA8E4AD2VY7,336d9a46b826f,1541078356,56,interaction item image,320366,RU,"Yekaterinburg, Russia",desktop,,,
0NA8E4AD2VY7,336d9a46b826f,1541078356,57,interaction item image,320366,RU,"Yekaterinburg, Russia",desktop,,,
0NA8E4AD2VY7,336d9a46b826f,1541078356,58,interaction item image,320366,RU,"Yekaterinburg, Russia",desktop,,,
0NA8E4AD2VY7,336d9a46b826f,1541078356,59,interaction item image,320366,RU,"Yekaterinburg, Russia",desktop,,,
0NA8E4AD2VY7,336d9a46b826f,1541078356,60,interaction item image,320366,RU,"Yekaterinburg, Russia",desktop,,,
0NA8E4AD2VY7,336d9a46b826f,1541078356,61,interaction item image,320366,RU,"Yekaterinburg, Russia",desktop,,,
0NA8E4AD2VY7,336d9a46b826f,1541078356,62,interaction item image,320366,RU,"Yekaterinburg, Russia",desktop,,,
0NA8E4AD2VY7,336d9a46b826f,1541078366,63,interaction item image,320366,RU,"Yekaterinburg, Russia",desktop,,,
0NA8E4AD2VY7,336d9a46b826f,1541078366,64,interaction item image,320366,RU,"Yekaterinburg, Russia",desktop,,,
0NA8E4AD2VY7,336d9a46b826f,1541078366,65,interaction item image,320366,RU,"Yekaterinburg, Russia",desktop,,,
0NA8E4AD2VY7,336d9a46b826f,1541078366,66,interaction item image,320366,RU,"Yekaterinburg, Russia",desktop,,,
0NA8E4AD2VY7,336d9a46b826f,1541078366,67,interaction item image,320366,RU,"Yekaterinburg, Russia",desktop,,,
0NA8E4AD2VY7,336d9a46b826f,1541078366,68,interaction item image,320366,RU,"Yekaterinburg, Russia",desktop,,,
0NA8E4AD2VY7,336d9a46b826f,1541078366,69,interaction item image,320366,RU,"Yekaterinburg, Russia",desktop,,,
0NA8E4AD2VY7,336d9a46b826f,1541078366,70,interaction item image,320366,RU,"Yekaterinburg, Russia",desktop,,,
0NA8E4AD2VY7,336d9a46b826f,1541078366,71,interaction item image,320366,RU,"Yekaterinburg, Russia",desktop,,,
0NA8E4AD2VY7,336d9a46b826f,1541078366,72,interaction item image,320366,RU,"Yekaterinburg, Russia",desktop,,,
0NA8E4AD2VY7,336d9a46b826f,1541078366,73,interaction item image,320366,RU,"Yekaterinburg, Russia",desktop,,,
0NA8E4AD2VY7,336d9a46b826f,1541078376,74,interaction item rating,320366,RU,"Yekaterinburg, Russia",desktop,,,
0NA8E4AD2VY7,336d9a46b826f,1541078403,75,interaction item image,320366,RU,"Yekaterinburg, Russia",desktop,,,
0NA8E4AD2VY7,336d9a46b826f,1541078403,76,interaction item image,320366,RU,"Yekaterinburg, Russia",desktop,,,
0NA8E4AD2VY7,336d9a46b826f,1541078413,77,interaction item image,1091180,RU,"Yekaterinburg, Russia",desktop,,,
0NA8E4AD2VY7,336d9a46b826f,1541078413,78,interaction item image,1091180,RU,"Yekaterinburg, Russia",desktop,,,
0NA8E4AD2VY7,336d9a46b826f,1541078413,79,interaction item image,1091180,RU,"Yekaterinburg, Russia",desktop,,,
0NA8E4AD2VY7,336d9a46b826f,1541078413,80,interaction item image,1091180,RU,"Yekaterinburg, Russia",desktop,,,
0NA8E4AD2VY7,336d9a46b826f,1541078413,81,interaction item info,1091180,RU,"Yekaterinburg, Russia",desktop,,,
0NA8E4AD2VY7,336d9a46b826f,1541078423,82,interaction item image,1091180,RU,"Yekaterinburg, Russia",desktop,,,
0NA8E4AD2VY7,336d9a46b826f,1541078423,83,interaction item image,1091180,RU,"Yekaterinburg, Russia",desktop,,,
0NA8E4AD2VY7,336d9a46b826f,1541078423,84,interaction item image,1091180,RU,"Yekaterinburg, Russia",desktop,,,
0NA8E4AD2VY7,336d9a46b826f,1541078423,85,interaction item image,1091180,RU,"Yekaterinburg, Russia",desktop,,,
0NA8E4AD2VY7,336d9a46b826f,1541078423,86,interaction item image,1091180,RU,"Yekaterinburg, Russia",desktop,,,
0NA8E4AD2VY7,336d9a46b826f,1541078423,87,interaction item image,1091180,RU,"Yekaterinburg, Russia",desktop,,,
0NA8E4AD2VY7,336d9a46b826f,1541078423,88,interaction item image,1091180,RU,"Yekaterinburg, Russia",desktop,,,
0NA8E4AD2VY7,336d9a46b826f,1541078423,89,interaction item image,1091180,RU,"Yekaterinburg, Russia",desktop,,,
0NA8E4AD2VY7,336d9a46b826f,1541078433,90,interaction item rating,1091180,RU,"Yekaterinburg, Russia",desktop,,,
0NA8E4AD2VY7,336d9a46b826f,1541078452,91,clickout item,1091180,RU,"Yekaterinburg, Russia",desktop,Free WiFi (Combined)|Breakfast Included,1045290|3135752|1372961|1369024|3384308|1371070|1191128|320366|2589366|1373129|1091180|3404929|5813690|939106|940286|3183138|1370286|384511|5127144|2740100|939964|1327476|3961622|939114|1370246,44|87|30|62|73|59|85|43|68|31|35|48|59|56|42|116|29|79|38|42|28|47|28|50|67
0NA8E4AD2VY7,336d9a46b826f,1541078493,92,clickout item,1091180,RU,"Yekaterinburg, Russia",desktop,Free WiFi (Combined)|Breakfast Included,1045290|3135752|1372961|1369024|3384308|1371070|1191128|320366|2589366|1373129|1091180|3404929|5813690|939106|940286|3183138|1370286|384511|5127144|2740100|939964|1327476|3961622|939114|1370246,44|87|30|62|73|59|85|43|68|31|35|48|59|56|42|116|29|79|38|42|28|47|28|50|67
0NA8E4AD2VY7,336d9a46b826f,1541078505,93,interaction item image,1091180,RU,"Yekaterinburg, Russia",desktop,,,
0NA8E4AD2VY7,336d9a46b826f,1541078505,94,interaction item image,1091180,RU,"Yekaterinburg, Russia",desktop,,,
0NA8E4AD2VY7,336d9a46b826f,1541078505,95,interaction item image,1091180,RU,"Yekaterinburg, Russia",desktop,,,
0NA8E4AD2VY7,336d9a46b826f,1541078505,96,interaction item image,1091180,RU,"Yekaterinburg, Russia",desktop,,,
0NA8E4AD2VY7,336d9a46b826f,1541078505,97,interaction item image,1091180,RU,"Yekaterinburg, Russia",desktop,,,
0NA8E4AD2VY7,336d9a46b826f,1541078505,98,interaction item image,1091180,RU,"Yekaterinburg, Russia",desktop,,,
0NA8E4AD2VY7,336d9a46b826f,1541078505,99,interaction item image,1091180,RU,"Yekaterinburg, Russia",desktop,,,
0NA8E4AD2VY7,336d9a46b826f,1541078515,100,interaction item rating,1091180,RU,"Yekaterinburg, Russia",desktop,,,
0NA8E4AD2VY7,336d9a46b826f,1541079068,101,interaction item image,3404929,RU,"Yekaterinburg, Russia",desktop,,,
0NA8E4AD2VY7,336d9a46b826f,1541079068,102,interaction item image,3404929,RU,"Yekaterinburg, Russia",desktop,,,
0NA8E4AD2VY7,336d9a46b826f,1541079078,103,interaction item image,3404929,RU,"Yekaterinburg, Russia",desktop,,,
0NA8E4AD2VY7,336d9a46b826f,1541079078,104,interaction item image,3404929,RU,"Yekaterinburg, Russia",desktop,,,
0NA8E4AD2VY7,336d9a46b826f,1541079078,105,interaction item image,3404929,RU,"Yekaterinburg, Russia",desktop,,,
0NA8E4AD2VY7,336d9a46b826f,1541079078,106,interaction item image,3404929,RU,"Yekaterinburg, Russia",desktop,,,
0NA8E4AD2VY7,336d9a46b826f,1541079078,107,interaction item image,3404929,RU,"Yekaterinburg, Russia",desktop,,,
0NA8E4AD2VY7,336d9a46b826f,1541079078,108,interaction item image,3404929,RU,"Yekaterinburg, Russia",desktop,,,
0NA8E4AD2VY7,336d9a46b826f,1541079078,109,interaction item image,3404929,RU,"Yekaterinburg, Russia",desktop,,,
0NA8E4AD2VY7,336d9a46b826f,1541079078,110,interaction item image,3404929,RU,"Yekaterinburg, Russia",desktop,,,
0NA8E4AD2VY7,336d9a46b826f,1541079078,111,interaction item image,3404929,RU,"Yekaterinburg, Russia",desktop,,,
0NA8E4AD2VY7,336d9a46b826f,1541079107,112,clickout item,3404929,RU,"Yekaterinburg, Russia",desktop,Free WiFi (Combined)|Breakfast Included,1045290|3135752|1372961|1369024|3384308|1371070|1191128|320366|2589366|1373129|1091180|3404929|5813690|939106|940286|3183138|1370286|384511|5127144|2740100|939964|1327476|3961622|939114|1370246,44|87|30|62|73|59|85|43|68|31|35|48|59|56|42|116|29|79|38|42|28|47|28|50|67
0NA8E4AD2VY7,336d9a46b826f,1541079139,113,interaction item rating,3135752,RU,"Yekaterinburg, Russia",desktop,,,
0NN8D1GWBW1F,84316dcbfb8e3,1541042711,1,clickout item,9164598,IN,"Bengaluru, India",tablet,,9164598|1400686|2216204|2817576|4775794|5684276|5845180|5963262|7171090|7171192|8137972|8315816|8505876|9787844|10057298|7359812|8421086|9344376|7132982|7043076|4564186|9481878|5824184|6902620|2394112,26|22|17|9|21|16|23|24|22|19|79|24|20|19|24|21|21|22|19|27|22|19|17|21|19
0O1CTEP95YKQ,af793494b5f84,1541113259,1,change of sort order,interaction sort button,CO,"Las Vegas, USA",mobile,,,
0O1CTEP95YKQ,af793494b5f84,1541113276,2,filter selection,Hotel,CO,"Las Vegas, USA",mobile,Hotel|Motel|Resort,,
0O1CTEP95YKQ,af793494b5f84,1541113276,3,filter selection,Motel,CO,"Las Vegas, USA",mobile,Hotel|Motel|Resort,,
0O1CTEP95YKQ,af793494b5f84,1541113276,4,filter selection,Resort,CO,"Las Vegas, USA",mobile,Hotel|Motel|Resort,,
0O1CTEP95YKQ,af793494b5f84,1541113314,5,filter selection,Breakfast Included,CO,"Las Vegas, USA",mobile,Hotel|Motel|Resort|Breakfast Included,,
0O1CTEP95YKQ,af793494b5f84,1541113324,6,filter selection,Breakfast Included,CO,"Las Vegas, USA",mobile,Hotel|Motel|Resort,,
0O1CTEP95YKQ,af793494b5f84,1541113325,7,filter selection,Resort,CO,"Las Vegas, USA",mobile,Hotel|Motel,,
0O1CTEP95YKQ,af793494b5f84,1541113325,8,filter selection,Motel,CO,"Las Vegas, USA",mobile,Hotel,,
0O1CTEP95YKQ,af793494b5f84,1541113329,9,filter selection,Hotel,CO,"Las Vegas, USA",mobile,,,
0O1CTEP95YKQ,af793494b5f84,1541113330,10,filter selection,Breakfast Included,CO,"Las Vegas, USA",mobile,Breakfast Included,,
0O1CTEP95YKQ,af793494b5f84,1541113350,11,filter selection,Free WiFi (Combined),CO,"Las Vegas, USA",mobile,Breakfast Included|Free WiFi (Combined),,
0O1CTEP95YKQ,af793494b5f84,1541113352,12,filter selection,Free WiFi (Combined),CO,"Las Vegas, USA",mobile,Breakfast Included,,
0O1CTEP95YKQ,af793494b5f84,1541113355,13,filter selection,Free WiFi (Combined),CO,"Las Vegas, USA",mobile,Breakfast Included,,
0O1CTEP95YKQ,af793494b5f84,1541113360,14,filter selection,Breakfast Included,CO,"Las Vegas, USA",mobile,,,
0O1CTEP95YKQ,af793494b5f84,1541113366,15,filter selection,Breakfast Included,CO,"Las Vegas, USA",mobile,Breakfast Included,,
0O1CTEP95YKQ,af793494b5f84,1541113452,16,change of sort order,price only,CO,"Las Vegas, USA",mobile,,,
0O1CTEP95YKQ,af793494b5f84,1541113452,17,change of sort order,interaction sort button,CO,"Las Vegas, USA",mobile,,,
0O1CTEP95YKQ,af793494b5f84,1541113452,18,filter selection,Sort by Price,CO,"Las Vegas, USA",mobile,Breakfast Included|Sort by Price,,
0O1CTEP95YKQ,af793494b5f84,1541113474,19,clickout item,63051,CO,"Las Vegas, USA",mobile,Breakfast Included|Sort by Price,69086|8533|925367|58949|61049|8581|8517|77520|8531|4169220|63051|397316|840726|2851635|1493341|8804492|62454|450176|102082|148954|8602|441851|63858|8516|8510248,59|66|78|86|87|90|90|92|93|98|99|100|106|108|111|111|112|120|122|123|125|136|138|140|142
0O1CTEP95YKQ,af793494b5f84,1541113509,20,clickout item,2851635,CO,"Las Vegas, USA",mobile,Breakfast Included|Sort by Price,69086|8533|925367|58949|61049|8581|8517|77520|8531|4169220|63051|397316|840726|2851635|1493341|8804492|62454|450176|102082|148954|8602|441851|63858|8516|8510248,59|66|78|86|87|90|90|92|93|98|99|100|106|108|111|111|112|120|122|123|125|136|138|140|142
0O1CTEP95YKQ,af793494b5f84,1541113521,21,interaction item info,62454,CO,"Las Vegas, USA",mobile,,,
0O1CTEP95YKQ,af793494b5f84,1541113537,22,clickout item,8602,CO,"Las Vegas, USA",mobile,Breakfast Included|Sort by Price,69086|8533|925367|58949|61049|8581|8517|77520|8531|4169220|63051|397316|840726|2851635|1493341|8804492|62454|450176|102082|148954|8602|441851|63858|8516|8510248,59|66|78|86|87|90|90|92|93|98|99|100|106|108|111|111|112|120|122|123|125|136|138|140|142
0P3WZY097PQI,2423aea8cde50,1541046025,1,clickout item,488501,US,"Las Vegas, USA",mobile,,8621|77124|8624|2851635|488501|1810141|72285|8589|8620|129571|8588|8572|8577|2793224|904927|102080|8518|72426|8563|57049|8599|32727|8568|8582|8586,1042|370|484|376|1031|871|228|310|255|202|193|353|239|394|232|192|276|294|207|236|301|493|237|260|185
0P3WZY097PQI,2423aea8cde50,1541046141,2,clickout item,8563,US,"Las Vegas, USA",mobile,,8621|77124|8624|2851635|488501|1810141|72285|8589|8620|129571|8588|8572|8577|2793224|904927|102080|8518|72426|8563|57049|8599|32727|8568|8582|8586,1042|370|484|376|1031|871|228|310|255|202|193|353|239|394|232|192|276|294|207|236|301|493|237|260|185
0P3WZY097PQI,2423aea8cde50,1541046260,3,search for destination,"Tioga, USA",US,"Tioga, USA",mobile,,,
0P3WZY097PQI,2423aea8cde50,1541046276,4,search for item,8602,US,"Las Vegas, USA",mobile,,,
0P3WZY097PQI,2423aea8cde50,1541046333,5,clickout item,2793224,US,"Las Vegas, USA",mobile,,8602|8568|8621|8561|57049|8564|8586|8577|8589|55677|77124|148957|893925|1217148|8588|2793224|8576|1238070|2282298|32727|8614|73555|567281|1094242|64376,265|125|176|85|152|122|141|136|114|112|188|1409|103|91|218|171|227|105|118|171|69|82|97|96|112
0Q3605EUBZG3,641a409c90fac,1541094556,1,change of sort order,interaction sort button,BR,"Rio de Janeiro, Brazil",mobile,,,
0Q3605EUBZG3,641a409c90fac,1541094594,2,change of sort order,interaction sort button,BR,"Rio de Janeiro, Brazil",mobile,,,
0Q3605EUBZG3,641a409c90fac,1541094597,3,change of sort order,price and recommended,BR,"Rio de Janeiro, Brazil",mobile,,,
